Pinus_koraiensis
Pinus_sibirica
Pinus_albicaulis
Pinus_lambertiana
Pinus_bungeana
Pinus_strobus
Pinus_cembra
Pinus_uliginosa
Pinus_mugo
Pinus_sylvestris
Araucaria_araucana
Pinus_tropicalis
Pinus_armandii
Picea_likiangensis
Picea_schrenkiana
Picea_spinulosa
Picea_farreri
Picea_pungens
Picea_abies
Picea_meyeri
Picea_retroflexa
Picea_crassifolia
Picea_obovata
Picea_asperata
Picea_koyamae
Picea_koraiensis
Picea_glehnii
Picea_smithiana
Picea_maximowiczii
Picea_brachytyla
Picea_purpurea
Picea_wilsonii
Picea_torano
Picea_neoveitchii
Picea_chihuahuana
Picea_orientalis
Picea_morrisonicola
Picea_jezoensis
Picea_mariana
Picea_alcoquiana
Picea_omorika
Picea_glauca
Picea_engelmannii
Picea_rubens
Picea_breweriana
Picea_sitchensis
Picea_mexicana
Cathaya_argyrophylla
Pseudotsuga_menziesii
Pseudotsuga_sinensis
Larix_griffithiana
Larix_mastersiana
Larix_himalaica
Larix_potaninii_var__chinensis
Larix_speciosa
Larix_potaninii_var__australis
Larix_potaninii_var__potaninii
Larix_laricina
Larix_occidentalis
Larix_kaempferi
Larix_gmelinii_var__olgensis
Larix_gmelinii_var__gmelinii
Larix_decidua
Larix_gmelinii_var__principis_rupprechtii
Larix_sibirica
Cedrus_atlantica
Cedrus_brevifolia
Cedrus_libani
Cedrus_deodara
Keteleeria_davidiana
Abies_nordmanniana
Abies_bornmuelleriana
Abies_cilicica
Abies_cephalonica
Abies_numidica
Abies_pinsapo
Abies_nebrodensis
Abies_veitchii
Abies_alba
Tsuga_forrestii
Tsuga_chinensis
Tsuga_sieboldii
Tsuga_caroliniana
Tsuga_diversifolia
Tsuga_dumosa
Tsuga_canadensis
Tsuga_heterophylla
Tsuga_mertensiana
Nothotsuga_longibracteata
Pseudolarix_amabilis
Keteleeria_evelyniana
Pinus_morrisonicola
Podocarpus_latifolius
Agathis_dammara
Dacrydium_pierrei
Dacrydium_pectinatum
Dacrycarpus_imbricatus_var__patulus
Dacrycarpus_imbricatus
Podocarpus_macrophyllus_var__maki
Afrocarpus_falcatus
Nageia_fleuryi
Nageia_wallichiana
Nageia_nagi
Podocarpus_annamiensis
Podocarpus_henkelii
Podocarpus_neriifolius
Podocarpus_costalis
Podocarpus_macrophyllus
Podocarpus_forrestii
Callitris_drummondii
Callitris_canescens
Cunninghamia_lanceolata_var__konishii
Cunninghamia_lanceolata
Athrotaxis_cupressoides
Athrotaxis_laxifolia
Taxodium_distichum_var__imbricarium
Taxodium_distichum
Glyptostrobus_pensilis
Cryptomeria_japonica
Callitris_endlicheri
Callitris_preissii_var__verrucosa
Widdringtonia_nodiflora
Platycladus_orientalis
Microbiota_decussata
Calocedrus_decurrens
Calocedrus_macrolepis_var__formosana
Cupressus_guadalupensis_var__guadalupensis
Cupressus_abramsiana
Cupressus_macrocarpa
Cupressus_sargentii
Cupressus_cashmeriana
Cupressus_gigantea
Cupressus_funebris
Cupressus_atlantica
Cupressus_duclouxiana
Juniperus_indica
Thuja_standishii
Thuja_plicata
Thuja_sutchuenensis
Thuja_koraiensis
Thuja_occidentalis
Thujopsis_dolabrata
Chamaecyparis_thyoides_var__thyoides
Chamaecyparis_thyoides_var__henryae
Chamaecyparis_formosensis
Chamaecyparis_pisifera
Cupressus_austrotibetica
Juniperus_pingii
Tetraclinis_articulata
Chamaecyparis_obtusa
Chamaecyparis_obtusa_var__obtusa
Chamaecyparis_taiwanensis
Chamaecyparis_lawsoniana
Fokienia_hodginsii
Sequoiadendron_giganteum
Sequoia_sempervirens
Taxus_wallichiana
Taxus_wallichiana_var__wallichiana
Taxus_x_media
Taxus_cuspidata
Taxus_x_hunnewelliana
Taxus_baccata
Taxus_sumatrana
Taxus_fuana
Taxus_wallichiana_var__chinensis
Taxus_canadensis
Taxus_wallichiana_var__mairei
Taxus_brevifolia
Taxus_globosa
Taxus_floridana
Pseudotaxus_chienii
Austrotaxus_spicata
Torreya_nucifera
Torreya_fargesii_var__yunnanensis
Torreya_fargesii
Torreya_grandis
Torreya_taxifolia
Torreya_jackii
Torreya_californica
Amentotaxus_yunnanensis
Amentotaxus_argotaenia
Amentotaxus_formosana
Cephalotaxus_griffithii
Cephalotaxus_latifolia
Cephalotaxus_harringtonia
Cephalotaxus_koreana
Cephalotaxus_wilsoniana
Cephalotaxus_mannii
Cephalotaxus_oliveri
Cephalotaxus_fortunei
Cephalotaxus_lanceolata
Cephalotaxus_hainanensis
Cephalotaxus_drupacea
Cephalotaxus_sinensis
Cephalotaxus_fortunei_var__alpina
Zamia_muricata
Zamia_boliviana
Zamia_portoricensis
Cycas_revoluta
Cycas_furfuracea
Epicycas_miquelii
Cycas_taitungensis
Cycas_panzhihuaensis
Cycas_rumphii
Cycas_thouarsii
Cycas_pectinata
Cycas_wadei
Cycas_circinalis
Cycas_multipinnata
Cycas_micholitzii
Ceratozamia_matudai
Ceratozamia_norstogii
Ceratozamia_sp__99_055_01
Ceratozamia_mexicana_var__robusta
Ceratozamia_sp__99_045_01
Ceratozamia_sp__82_439_01
Ceratozamia_euryphyllidia
Ceratozamia_mexicana_var__mexicana
Ceratozamia_microstrobila
Ceratozamia_morettii
Ceratozamia_hildae
Ceratozamia_sabatoi
Ceratozamia_sp__85_011_01
Ceratozamia_miqueliana
Ceratozamia_kuesteriana
Ceratozamia_alvarezii
Zamia_skinneri
Zamia_herrerae
Zamia_pseudoparasitica
Chigua_restrepoi
Microcycas_calocoma
Stangeria_eriopus
Dioon_angustifolium
Dioon_argenteum
Dioon_sonorense
Dioon_holmgrenii
Dioon_mejiae
Dioon_caputoi
Dioon_califanoi
Dioon_spinulosum
Dioon_rzedowskii
Dioon_tomasellii
Dioon_edule
Dioon_merolae
Dioon_purpusii
Macrozamia_moorei
Macrozamia_pauli_guilielmi
Encephalartos_natalensis
Encephalartos_woodii
Encephalartos_umbeluziensis
Encephalartos_ferox
Encephalartos_aplanatus
Encephalartos_cerinus
Encephalartos_heenanii
Encephalartos_senticosus
Encephalartos_ngoyanus
Encephalartos_laevifolius
Encephalartos_princeps
Encephalartos_inopinus
Encephalartos_cupidus
Encephalartos_manikensis
Encephalartos_lanatus
Encephalartos_kisambo
Encephalartos_dyerianus
Encephalartos_lehmannii
Encephalartos_ghellinckii
Encephalartos_whitelockii
Encephalartos_barteri
Encephalartos_septentrionalis
Encephalartos_latifrons
Encephalartos_hildebrandtii
Encephalartos_gratus
Encephalartos_eugene_maraisii
Encephalartos_pterogonus
Encephalartos_horridus
Encephalartos_munchii
Encephalartos_villosus
Encephalartos_longifolius
Encephalartos_trispinosus
Encephalartos_humilis
Encephalartos_barteri_subsp__allochrous
Lepidozamia_hopei
Bowenia_spectabilis
Lepidozamia_peroffskyana
Bowenia_serrulata
Ginkgo_biloba
Nymphaea_alba
Nymphaea_candida
Nymphaea_tetragona
Nymphaea_mexicana
Nymphaea_x_marliacea
Nymphaea_cf__mexicana_KN22
Nymphaea_cf__mexicana_KN20
Nymphaea_odorata_subsp__odorata
Nymphaea_odorata_subsp__tuberosa
Nymphaea_odorata
Nymphaea_rubra
Nymphaea_pubescens
Nymphaea_lotus_f__thermalis
Nymphaea_petersiana
Nymphaea_lotus
Nymphaea_amazonum
Nymphaea_tenerinervia
Nymphaea_novogranatensis
Nymphaea_jamesoniana
Nymphaea_conardii
Nymphaea_glandulifera
Nymphaea_potamophila
Nymphaea_belophylla
Nymphaea_rudgeana
Nymphaea_oxypetala
Nymphaea_lingulata
Nymphaea_gardneriana
Nymphaea_violacea
Nymphaea_elleniae
Nymphaea_atrans
Nymphaea_immutabilis
Nymphaea_hastifolia
Ondinea_purpurea
Nymphaea_colorata_x_Nymphaea_gigantea
Nymphaea_gigantea
Nymphaea_macrosperma
Nymphaea_thermarum
Nymphaea_heudelotii
Nymphaea_micrantha
Nymphaea_elegans
Nymphaea_ampla
Nymphaea_gracilis
Nymphaea_nouchali
Nymphaea_cf__colorata_Borsch_3835
Nymphaea_caerulea
Nymphaea_colorata
Victoria_cruziana
Victoria_amazonica_x_Victoria_cruziana
Victoria_amazonica
Euryale_ferox
Barclaya_longifolia
Nuphar_sagittifolia
Nuphar_variegata
Nuphar_ulvacea
Nuphar_orbiculata
Nuphar_ozarkana
Nuphar_polysepala
Nuphar_advena_subsp__advena
Nuphar_advena
Nuphar_rubrodisca
Nuphar_microphylla
Nuphar_oguraensis
Nuphar_pumila
Nuphar_sinensis
Nuphar_japonica
Nuphar_subintegerrima
Nuphar_shimadae
Nuphar_lutea
Cabomba_caroliniana
Cabomba_sp__NY401
Cabomba_sp__CL_2005
Brasenia_schreberi
Trithuria_inconspicua
Amborella_trichopoda
Illicium_angustisepalum
Illicium_anisatum
Illicium_leiophyllum
Illicium_ternstroemioides
Illicium_dunnianum
Illicium_spathulatum
Illicium_verum
Illicium_arborescens
Illicium_oligandrum
Illicium_majus
Illicium_lanceolatum
Illicium_henryi
Illicium_difengpium
Illicium_micranthum
Illicium_fargesii
Illicium_floridanum
Illicium_mexicanum
Illicium_parviflorum
Illicium_ekmanii
Illicium_cubense_subsp__guajaibonense
Illicium_cubense_subsp__bissei
Illicium_hottense
Schisandra_bicolor
Schisandra_glabra
Schisandra_grandiflora
Schisandra_rubriflora
Schisandra_lancifolia
Schisandra_henryi
Schisandra_pubescens
Schisandra_sphenanthera
Schisandra_viridis
Schisandra_glaucescens
Schisandra_repanda
Schisandra_chinensis
Schisandra_bicolor_var__tuberculata
Kadsura_ananosma
Kadsura_coccinea
Kadsura_induta
Schisandra_propinqua
Schisandra_plena
Kadsura_oblongifolia
Kadsura_angustifolia
Kadsura_longipedunculata
Kadsura_polysperma
Kadsura_japonica
Kadsura_heteroclita
Kadsura_scandens
Schisandra_propinqua_var__sinensis
Trimenia_moorei
Austrobaileya_scandens
Sarcandra_grandifolia
Sarcandra_chloranthoides
Sarcandra_hainanensis
Sarcandra_glabra
Sarcandra_glabra_subsp__brachystachys
Chloranthus_spicatus
Chloranthus_erectus
Chloranthus_henryi
Chloranthus_serratus
Chloranthus_oldhamii
Chloranthus_sessilifolius
Chloranthus_fortunei
Chloranthus_angustifolius
Chloranthus_holostegius
Chloranthus_japonicus
Chloranthus_nervosus
Ascarina_swamyana
Ascarina_polystachya
Ascarina_sp__Qiu_M149
Ascarina_lucida
Ascarina_sp__Thien_500
Ascarina_rubricaulis
Ascarina_coursii
Hedyosmum_goudotianum
Hedyosmum_sprucei
Hedyosmum_translucidum
Hedyosmum_mexicanum
Hedyosmum_orientale
Hedyosmum_arborescens
Compsoneura_capitellata
Compsoneura_atopa
Compsoneura_sprucei
Compsoneura_mexicana
Compsoneura_excelsa
Compsoneura_mutisii
Compsoneura_debilis
Compsoneura_ulei
Virola_michelii
Haematodendron_glabrum
Iryanthera_hostmanni
Virola_sebifera
Pycnanthus_angolensis
Coelocaryon_oxycarpum
Mauloutchia_chapelieri
Brochoneura_acuminata
Mauloutchia_humblotii
Mauloutchia_heckelii
Brochoneura_madagascariensis
Brochoneura_vouri
Bicuiba_oleifera
Cephalosphaera_usambarensis
Knema_latericia
Staudtia_kamerunensis
Gymnacranthera_farquhariana
Myristica_maingayi
Myristica_fragrans
Knema_laurina
Coelocaryon_preussii
Otoba_parvifolia
Horsfieldia_punctatifolia
Virola_surinamensis
Degeneria_roseiflora
Degeneria_vitiensis
Galbulimima_belgraveana
Elmerrillia_tsiampacca
Liriodendron_chinense
Liriodendron_tulipifera
Magnolia_caricifragrans
Magnolia_ovata
Magnolia_dodecapetala
Magnolia_mexicana
Magnolia_minor
Magnolia_sharpii
Magnolia_guatemalensis
Magnolia_grandiflora
Magnolia_pacifica
Magnolia_iltisiana
Magnolia_yoroconte
Magnolia_schiedeana
Magnolia_tamaulipana
Magnolia_panamensis
Magnolia_virginiana
Magnolia_menglunensis
Magnolia_championii
Magnolia_liliifera_var__obovata
Magnolia_pterocarpa
Magnolia_henryi
Magnolia_phanerophlebia
Magnolia_liliifera
Talauma_gitingensis
Magnolia_guangnanensis
Magnolia_paenetalauma
Magnolia_odoratissima
Magnolia_shangsiensis
Talauma_singaporensis
Magnolia_gigantifolia
Magnolia_coco
Magnolia_albosericea
Magnolia_delavayi
Magnolia_obovata
Magnolia_salicifolia
Magnolia_pseudokobus
Magnolia_biondii
Magnolia_praecocissima
Magnolia_stellata
Magnolia_tomentosa
Magnolia_kobus
Magnolia_sargentiana
Magnolia_dawsoniana
Magnolia_sprengeri
Magnolia_campbellii
Magnolia_glabra
Magnolia_cylindrica
Magnolia_liliiflora
Magnolia_denudata
Magnolia_acuminata
Kmeria_duperreana
Kmeria_septentrionalis
Kmeria_yunnanensis
Kmeria_omeiensis
Manglietia_sinica
Kmeria_lotungensis
Magnolia_sinica
Pachylarnax_praecalva
Magnolia_nitida
Michelia_macclurei
Magnolia_elegans
Michelia_velutina
Michelia_odora
Talauma_ovata
Michelia_alba
Michelia_foveolata
Michelia_figo
Michelia_compressa
Michelia_szechuanica
Magnolia_pealiana
Michelia_skinneriana
Michelia_baillonii
Michelia_xinningensis
Michelia_hedyosperma
Michelia_fallax
Michelia_lacei
Michelia_balansae
Michelia_fujianensis
Michelia_platypetala
Michelia_cavaleriei
Michelia_champaca
Elmerrillia_ovalis
Magnolia_carsonii
Magnolia_cathcartii
Magnolia_dealbata
Magnolia_macrophylla
Magnolia_portoricensis
Magnolia_splendens
Dugandiodendron_mahechae
Dugandiodendron_lenticellatum
Manglietia_decidua
Manglietia_pachyphylla
Manglietia_insignis
Manglietia_aromatica
Manglietia_grandis
Manglietia_conifera
Manglietia_fordiana_var__hainanensis
Manglietia_moto
Manglietia_fordiana
Manglietia_glauca
Magnolia_sieboldii_subsp__sieboldii
Magnolia_sieboldii_subsp__japonica
Magnolia_sieboldii
Magnolia_wilsonii
Magnolia_hypoleuca
Magnolia_officinalis_subsp__biloba
Magnolia_officinalis
Magnolia_fraseri
Magnolia_pyramidata
Magnolia_tripetala
Manglietia_conifera_subsp__chingii
Manglietia_ovoidea
Manglietia_maguanica
Manglietia_rufibarbata
Magnolia_fraseri_var__fraseri
Anaxagorea_rheophytica
Anaxagorea_silvatica
Anaxagorea_acuminata
Anaxagorea_phaeocarpa
Anaxagorea_manausensis
Anaxagorea_allenii
Anaxagorea_panamensis
Anaxagorea_dolichocarpa
Anaxagorea_crassipetala
Anaxagorea_javanica
Anaxagorea_luzonensis
Anaxagorea_javanica_var__javanica
Anaxagorea_petiolata
Anaxagorea_brevipes
Anaxagorea_brachycarpa
Anaxagorea_pachypetala
Anaxagorea_brevipedicellata
Anaxagorea_guatemalensis
Anaxagorea_gigantophylla
Cyathocalyx_martabanicus
Cananga_odorata
Cyathocalyx_biovulatus
Lettowianthus_stellatus
Ambavia_gerrardii
Cleistopholis_glauca
Mezzettia_parviflora
Tetrameranthus_laomae
Tetrameranthus_duckei
Meiocarpidium_lepidotum
Unonopsis_pittieri
Unonopsis_stipitata
Onychopetalum_amazonicum
Unonopsis_elegantissima
Anaxagorea_inundata
Bocageopsis_pleiosperma
Bocageopsis_multiflora
Onychopetalum_periquino
Unonopsis_rufescens
Malmea_dielsiana
Malmea_dimera
Malmea_sp__Chatrou_et_al__8
Malmea_surinamensis
Cremastosperma_venezuelanum
Cremastosperma_macrocarpum
Cremastosperma_brevipes
Cremastosperma_westrae
Cremastosperma_novogranatense
Cremastosperma_panamense
Cremastosperma_sp__Chatrou_et_al__103
Cremastosperma_pedunculatum
Cremastosperma_yamayakatense
Cremastosperma_sp__Gentry_45510
Cremastosperma_sp__Foster_3418
Cremastosperma_sp__Smith_1577
Cremastosperma_leiophyllum
Cremastosperma_sp__Maas_9148
Cremastosperma_oblongum
Cremastosperma_sp__Graham_635
Cremastosperma_pendulum
Cremastosperma_sp__Woytkowski_7128
Cremastosperma_peruvianum
Cremastosperma_monospermum
Cremastosperma_napoense
Cremastosperma_gracilipes
Cremastosperma_cenepense
Cremastosperma_bullatum
Cremastosperma_sp__Chatrou_268
Cremastosperma_cauliflorum
Cremastosperma_microcarpum
Cremastosperma_megalophyllum
Cremastosperma_magdalenae
Cremastosperma_sp__Killip_28961
Pseudoxandra_polyphleba
Pseudoxandra_lucida
Pseudoxandra_bahiensis
Pseudoxandra_longipes
Pseudoxandra_aff__pacifica_van_Rooden_et_al__565
Pseudoxandra_spiritus_sancti
Ephedranthus_sp__Chatrou_et_al__173
Ephedranthus_sp__Maas_et_al__8826
Ephedranthus_boliviensis
Ephedranthus_parviflorus
Ruizodendron_ovale
Oxandra_xylopioides
Oxandra_sphaerocarpa
Oxandra_macrophylla
Klarobelia_candida
Klarobelia_inundata
Klarobelia_sp__Meier_and_Llamozas_3685
Pseudephedranthus_fragrans
Klarobelia_cauliflora
Klarobelia_stipitata
Klarobelia_megalocarpa
Oxandra_laurifolia
Pseudomalmea_diclina
Oxandra_polyantha
Oxandra_euneura
Oxandra_asbeckii
Oxandra_espintana
Oxandra_nitida
Oxandra_longipetala
Oxandra_venezuelana
Pseudomalmea_sp__Idarraga_13
Mosannona_papillosa
Mosannona_vasquezii
Mosannona_pacifica
Mosannona_garwoodii
Mosannona_costaricensis
Mosannona_sp__Chatrou_et_al__71
Mosannona_discolor
Diclinanona_tessmannii
Marsypopetalum_pallidum
Polyalthia_littoralis
Pseuduvaria_setosa
Pseuduvaria_rugosa
Pseuduvaria_trimera
Pseuduvaria_kingiana
Pseuduvaria_cerina
Pseuduvaria_galeata
Pseuduvaria_cymosa
Pseuduvaria_monticola
Pseuduvaria_macrophylla
Pseuduvaria_sessilicarpa
Pseuduvaria_taipingensis
Pseuduvaria_mulgraveana
Pseuduvaria_glabrescens
Pseuduvaria_villosa
Pseuduvaria_subcordata
Pseuduvaria_megalopus
Petalolophus_megalopus
Pseuduvaria_brachyantha
Pseuduvaria_coriacea
Pseuduvaria_macrocarpa
Pseuduvaria_grandifolia
Pseuduvaria_reticulata
Pseuduvaria_nova_guineensis
Pseuduvaria_mollis
Pseuduvaria_sessilifolia
Pseuduvaria_acerosa
Pseuduvaria_silvestris
Pseuduvaria_aurantiaca
Pseuduvaria_dolichonema
Pseuduvaria_hylandii
Pseuduvaria_froggattii
Pseuduvaria_clemensiae
Pseuduvaria_filipes
Pseuduvaria_dielsiana
Pseuduvaria_oxycarpa
Pseuduvaria_costata
Pseuduvaria_bruneiensis
Pseuduvaria_borneensis
Pseuduvaria_pamattonis
Pseuduvaria_calliura
Pseuduvaria_luzonensis
Pseuduvaria_unguiculata
Pseuduvaria_parvipetala
Pseuduvaria_obliqua
Pseuduvaria_latifolia
Pseuduvaria_mindorensis
Pseuduvaria_philippinensis
Pseuduvaria_lignocarpa
Pseuduvaria_macgregorii
Pseuduvaria_beccarii
Pseuduvaria_sp__Chaowasku_27
Pseuduvaria_multiovulata
Craibella_phuyensis
Alphonsea_kinabaluensis
Alphonsea_javanica
Alphonsea_elliptica
Alphonsea_sp__Mols_16
Alphonsea_sp__Kessler_3112
Alphonsea_sp__Kessler_3186
Alphonsea_boniana
Platymitra_macrocarpa
Orophea_brandisii
Orophea_myriantha
Orophea_celebica
Cremastosperma_sp__Tello_3416
Orophea_enneandra
Orophea_enterocarpa
Orophea_creaghii
Mezzettiopsis_creaghii
Orophea_kerrii
Woodiellantha_sp__Lugas_311
Orophea_polycarpa
Orophea_cf__malayana_Hoffmann_11
Sapranthus_viridiflorus
Sapranthus_microcarpus
Tridimeris_hahniana
Stenanona_panamensis
Stenanona_costaricensis
Desmopsis_microcarpa
Desmopsis_schippii
Guamia_sp__Rainer_1593
Fitzalania_bidwilii
Fitzalania_heteropetala
Meiogyne_stenopetala
Meiogyne_sp__Kessler_3219
Meiogyne_cylindrocarpa
Meiogyne_virgata
Neo_uvaria_parallelivenia
Neo_uvaria_acuminatissima
Polyalthia_cf__glabra_Rastini_224
Polyalthia_sclerophylla
Polyalthia_lateriflora
Polyalthia_viridis
Polyalthia_longifolia
Polyalthia_cf__longifolia_Mols_14
Enicosanthum_fuscum
Enicosanthum_paradoxum
Polyalthia_congesta
Polyalthia_rumphii
Enicosanthum_membranifolium
Polyalthia_xanthopetala
Enicosanthum_sp__Ambriansyah_et_al__2067
Polyalthia_coffeoides
Stelechocarpus_burahol
Stelechocarpus_cauliflorus
Sageraea_lanceolata
Popowia_odoardi
Popowia_hirta
Popowia_pisocarpa
Phaeanthus_splendens
Phaeanthus_ebracteolatus
Mitrephora_alba
Mitrephora_keithii
Mitrephora_polypyrena
Mitrephora_maingayi
Mitrephora_celebica
Polyalthia_pendula
Polyalthia_stuhlmannii
Polyalthia_cerasoides
Polyalthia_korinti
Miliusa_campanulata
Miliusa_longipes
Miliusa_cuneata
Miliusa_sp__Middleton_and_Lamxay_269
Miliusa_thorelii
Miliusa_velutina
Miliusa_horsfieldii
Miliusa_lineata
Miliusa_mollis_var__mollis
Polyalthia_flagellaris
Polyalthia_cauliflora
Haplostichanthus_longirostris
Polyalthia_obliqua
Polyalthia_borneensis
Polyalthia_celebica
Polyalthia_longipes
Polyalthia_sp__Ridsdale_DV_M1_12314
Polyalthia_cinnamomea
Polyalthia_subcordata
Polyalthia_suberosa
Polyalthia_debilis
Polyalthia_stenopetala
Trivalvaria_macrophylla
Monocarpia_euneura
Polyalthia_glauca
Polyalthia_discolor
Polyalthia_sumatrana
Greenwayodendron_suaveolens
Greenwayodendron_oliveri
Piptostigma_mortehani
Piptostigma_pilosum
Piptostigma_fasciculatum
Annickia_chlorantha
Annickia_pilosa
Annickia_kummeriae
Trigynaea_lanceipetala
Trigynaea_duckei
Hornschuchia_citriodora
Cymbopetalum_sp__Maas_et_al__8811
Cymbopetalum_brasiliense
Cymbopetalum_sp__Chatrou_et_al__44
Cymbopetalum_torulosum
Porcelia_steinbachii
Mkilua_fragrans
Guatteria_allenii
Guatteria_zamorae
Guatteria_talamancana
Guatteria_oliviformis
Guatteria_chiriquiensis
Guatteria_pudica
Guatteria_sp__Chatrou_et_al__118
Guatteria_alata
Guatteria_pacifica
Guatteria_sphaerantha
Guatteria_pittieri
Guatteria_alta
Guatteria_elegantissima
Guatteria_aeruginosa
Guatteria_wachenheimii
Guatteria_verruculosa
Guatteria_blainii
Heteropetalum_spruceanum
Guatteria_brevicuspis
Guatteria_sp__Chatrou_et_al__245
Guatteriopsis_friesiana
Guatteria_cf__candolleana_Harley_et_al__17360
Guatteriopsis_kuhlmannii
Guatteria_amplifolia
Guatteria_diospyroides
Guatteria_latifolia
Guatteria_maypurensis
Guatteria_scandens
Guatteria_subsessilis
Guatteria_glabrescens
Guatteria_citriodora
Guatteria_curvinervia
Guatteria_rupestris
Guatteria_juruensis
Guatteria_burchellii
Guatteria_galeottiana
Guatteria_rigidipes
Guatteria_alutacea
Guatteria_jefensis
Guatteria_inuncta
Guatteria_elata
Guatteria_olivacea
Guatteria_sp__Chatrou_et_al__65
Guatteria_aff__trichoclonia_Maas_et_al__9528
Guatteria_tomentosa
Guatteria_sp__Pirie_et_al__50
Guatteria_sp__Pirie_et_al__130
Guatteria_saffordiana
Guatteria_tonduzii
Guatteria_dolichopoda
Guatteria_cf__lasiocalyx_Krukoff_11086
Guatteria_poeppigiana
Guatteria_sp__Prevost_4247
Guatteria_recurvisepala
Guatteria_liesneri
Guatteria_gracilipes
Guatteria_polyantha
Guatteria_schunkevigoi
Guatteria_ovalifolia
Guatteria_scytophylla
Guatteria_foliosa
Guatteria_anthracina
Guatteria_hyposericea
Guatteria_cf__lasiocalyx_Maas_et_al__9000
Guatteria_stipitata
Guatteria_punctata
Guatteria_sp__Pirie_et_al__143
Guatteria_boliviana
Guatteriopsis_ramiflora
Guatteria_sp__Maas_et_al__9570
Guatteria_puncticulata
Guatteria_modesta
Guatteria_rigida
Guatteria_ouregou
Guatteria_atra
Guatteria_discolor
Guatteria_latisepala
Guatteria_mexiae
Guatteria_pubens
Guatteria_pilosula
Guatteria_pohliana
Guatteria_villosissima
Guatteria_australis
Guatteria_cf__hilariana_Gottsberger_and_Gottsberger_21_9274A
Guatteria_neglecta
Guatteria_hilariana_var__verruculosa
Guatteria_parvifolia
Guatteria_polycarpa
Guatteria_dusenii
Guatteria_oligocarpa
Guatteria_reflexa
Guatteria_schlechtendaliana
Guatteria_sessilis
Guatteria_schomburgkiana
Guatteria_paraensis
Guatteria_pogonopus
Guatteria_dumetorum
Guatteria_ferruginea
Guatteria_sellowiana
Guatteria_trichoclonia
Guatteria_sordida_var__ovalis
Guatteria_sordida_var__lancifolia
Guatteria_sessilicarpa
Guatteria_sp__Pirie_et_al__158
Guatteria_salicifolia
Guatteria_sabuletorum
Guatteria_lehmannii
Guatteria_venezuelana
Guatteria_cf__pilosula_Stergio_et_al__20975
Guatteria_ucayaliana
Guatteria_macropus
Guatteriopsis_hispida
Guatteriopsis_blepharophylla
Guatteria_notabilis
Guatteria_ecuadorensis
Guatteria_sp__Chatrou_et_al__463
Guatteria_brevipedicellata
Guatteria_riparia
Guatteria_inundata
Guatteria_decurrens
Guatteria_sp__Chatrou_et_al__196
Guatteria_multivenia
Guatteria_sp__Chatrou_et_al__174
Guatteria_megalophylla
Guatteria_cf__meliodora_Maas_et_al__9231
Guatteria_guianensis
Guatteria_excellens
Guatteria_heterotricha
Guatteria_rotundata
Guatteriella_tomentosa
Guatteria_caribaea
Guatteria_anomala
Guatteria_cf__lucens_Gomez_et_al__23305
Disepalum_platypetalum
Artabotrys_spinosus
Artabotrys_hexapetalus
Artabotrys_sp__Wieringa_4018
Anonidium_sp__Cheek_7896
Xylopia_peruviana
Letestudoxa_bella
Letestudoxa_glabrifolia
Pseudartabotrys_letestui
Fusaea_peruviana
Fusaea_longifolia
Duguetia_staudtii
Duguetia_confinis
Duguetia_uniflora
Duguetia_panamensis
Duguetia_confusa
Duguetia_quitarensis
Duguetia_odorata
Duguetia_peruviana
Duguetia_yeshidan
Duguetia_calycina
Duguetia_stelechantha
Duguetia_lucida
Duguetia_moricandiana
Duguetia_echinophora
Duguetia_megalocarpa
Duguetia_surinamensis
Duguetia_marcgraviana
Duguetia_ulei
Duguetia_riedeliana
Duguetia_cadaverica
Duguetia_hadrantha
Duguetia_macrocalyx
Duguetia_salicifolia
Duguetia_sessilis
Duguetia_guianensis
Duguetia_cauliflora
Duguetia_bahiensis
Duguetia_chrysea
Duguetia_macrophylla
Duguetia_pycnastera
Duguetia_neglecta
Duguetia_sooretamae
Xylopia_frutescens
Xylopia_hypolampra
Xylopia_ferruginea
Sanrafaelia_ruffonammari
Ophrypetalum_odoratum
Monodora_carolinae
Monodora_globiflora
Monodora_angolensis
Monodora_tenuifolia
Monodora_myristica
Monodora_laurentii
Monodora_crispata
Monodora_brevipes
Monodora_junodii
Monodora_hastipetala
Monodora_grandidieri
Monodora_stenopetala
Isolona_thonneri
Isolona_hexaloba
Isolona_pleurocarpa
Isolona_zenkeri
Isolona_perrieri
Isolona_ghesquierei
Isolona_capuronii
Isolona_campanulata
Isolona_heinsenii
Isolona_linearis
Isolona_maitlandii
Isolona_cauliflora
Isolona_dewevrei
Isolona_cooperi
Uvariastrum_insculptum
Uvariastrum_pierreanum
Hexalobus_crispiflorus
Hexalobus_salicifolius
Asteranthe_asterias
Dennettia_tripetala
Uvariopsis_vanderystii
Monocyclanthus_vignei
Uvariopsis_korupensis
Uvariodendron_molundense
Uvariodendron_kirkii
Mischogyne_michelioides
Mitrella_kentii
Dielsiothamnus_divaricatus
Monanthotaxis_whytei
Monanthotaxis_sp__Wieringa_3833
Friesodielsia_sp__Wieringa_et_al__3605
Dasymaschalon_macrocalyx
Dasymaschalon_sootepense
Friesodielsia_desmoides
Melodorum_cf__fruticosum_Mols_2
Melodorum_fruticosum
Melodorum_cf__fruticosum_Mols_10
Sphaerocoryne_gracilis
Toussaintia_orientalis
Uvaria_hahnii
Ellipeia_dulcis
Ellipeiopsis_ferruginea
Rauwenhoffia_siamensis
Fissistigma_uonicum
Fissistigma_glaucescens
Uvaria_lucida
Uvaria_chamae
Cyathostemma_viridiflora
Cyathostemma_hookeri
Uvaria_grandiflora
Uvaria_microcarpa
Uvaria_macropoda
Uvaria_cordata
Uvaria_vietnamensis
Uvaria_rufa
Uvaria_hamiltonii
Uvaria_pierrei
Uvaria_micrantha
Uvaria_faulknerae
Goniothalamus_malayanus
Goniothalamus_tapis
Goniothalamus_sp__Maerim
Goniothalamus_umbrosus
Goniothalamus_sp__Sunyataram
Goniothalamus_tortilipetalus
Goniothalamus_griffithii
Goniothalamus_elegans
Goniothalamus_marcanii
Goniothalamus_sp__Narathiwat
Goniothalamus_repevensis
Goniothalamus_cheliensis
Goniothalamus_laoticus
Goniothalamus_sawtehii
Goniothalamus_sp__Chongyen
Goniothalamus_sp__Aunglaeonai
Goniothalamus_sp__Phuye
Goniothalamus_undulatus
Goniothalamus_macrophyllus
Neostenanthera_myristicifolia
Annona_montana
Anaxagorea_angustifolia
Annona_deminuta
Annona_muricata
Annona_amazonica
Annona_symphyocarpa
Annona_oligocarpa
Rollinia_edulis
Rollinia_cuspidata
Rollinia_herzogii
Rollinia_mucosa
Rollinia_chrysocarpa
Annona_bicolor
Annona_dumetorum
Annona_urbaniana
Annona_reticulata
Annona_squamosa
Annona_pruinosa
Annona_scandens
Annona_hypoglauca
Annona_holosericea
Annona_cornifolia
Annona_deceptrix
Annona_senegalensis
Annona_glabra
Asimina_triloba
Asimina_angustifolia
Disepalum_sp__Takeuchi_et_Kulang_18201
Eupomatia_bennettii
Chimonanthus_campanulatus_var__guizhouensis
Chimonanthus_campanulatus
Chimonanthus_zhejiangensis
Chimonanthus_nitens
Chimonanthus_praecox
Chimonanthus_salicifolius
Chimonanthus_grammatus
Calycanthus_floridus_var__glaucus
Calycanthus_occidentalis
Calycanthus_chinensis
Calycanthus_floridus
Idiospermum_australiense
Doryphora_sassafras
Atherosperma_moschatum
Daphnandra_micrantha
Laureliopsis_philippiana
Doryphora_aromatica
Daphnandra_repandula
Dryadodaphne_sp__Gray_4853
Laurelia_sempervirens
Laurelia_novae_zelandiae
Gomortega_keule
Siparuna_sessiliflora
Siparuna_radiata
Siparuna_laurifolia
Siparuna_conica
Siparuna_thecaphora
Siparuna_aspera
Siparuna_subscandens
Siparuna_muricata
Nemuaron_vieillardii
Siparuna_lepidota
Siparuna_echinata
Siparuna_pauciflora
Siparuna_brasiliensis
Siparuna_reginae
Siparuna_cervicornis
Siparuna_bifida
Siparuna_aff__monogyna_Vicentini_et_al__1010
Siparuna_cymosa
Siparuna_cuspidata
Siparuna_glycycarpa
Siparuna_guianensis
Siparuna_decipiens
Glossocalyx_longicuspis
Sparattanthelium_wonotoboense
Gyrocarpus_sp__Chase_317
Sparattanthelium_amazonum
Gyrocarpus_americanus
Hernandia_ovigera
Hernandia_nymphaeifolia
Hernandia_moerenhoutiana
Hernandia_albiflora
Illigera_luzonensis
Palmeria_scandens
Monimia_ovalifolia
Peumus_boldus
Mollinedia_ovata
Steganthera_hirsuta
Wilkiea_huegeliana
Kibara_rigidifolia
Hennecartia_omphalandra
Hedycarya_aff__arborea_DR3_7FR4
Hedycarya_arborea
Tambourissa_religiosa
Xymalos_monospora
Tambourissa_tau
Kibara_coriacea
Hortonia_floribunda
Cryptocarya_subtriplinervia
Cryptocarya_triplinervis
Cryptocarya_alba
Beilschmiedia_madagascariensis
Potameia_chartacea
Beilschmiedia_pendula
Endiandra_kingiana
Endiandra_impressicosta
Endiandra_pubens
Beilschmiedia_tawa
Beilschmiedia_mexicana
Beilschmiedia_brenesii
Beilschmiedia_roxburghiana
Beilschmiedia_berteroana
Beilschmiedia_miersii
Eusideroxylon_zwageri
Aspidostemon_parvifolium
Aspidostemon_sp__van_der_Werff_12765
Cassytha_pubescens
Cassytha_ciliolata
Cassytha_melantha
Neocinnamomum_mekongense
Caryodaphnopsis_bilocellata
Caryodaphnopsis_tonkinensis
Caryodaphnopsis_tomentosa
Caryodaphnopsis_cogolloi
Williamodendron_glaucophyllum
Sextonia_rubra
Mezilaurus_opaca
Chlorocardium_rodiei
Chlorocardium_venenosum
Anaueria_brasiliensis
Sextonia_pubescens
Mezilaurus_triunca
Persea_lingue
Persea_caerulea
Persea_meridensis
Persea_borbonia
Persea_indica
Persea_palustris
Apollonias_barbujana
Alseodaphne_perakensis
Persea_obovatifolia
Phoebe_lanceolata
Persea_sp__van_der_Werff_14071
Persea_thunbergii
Persea_oreophila
Alseodaphne_petiolaris
Persea_breviflora
Persea_japonica
Machilus_rimosa
Persea_chienkweiensis
Persea_decursinervis
Persea_yunnanensis
Persea_shweliensis
Persea_grijsii
Persea_mikweiensis
Nothaphoebe_cavaleriei
Alseodaphne_andersonii
Phoebe_puwenensis
Phoebe_forrestii
Phoebe_excelsa
Actinodaphne_sp__SING
Dehaasia_cuneata
Alseodaphne_semecarpifolia
Dehaasia_incrassata
Phoebe_formosana
Persea_americana
Lindera_lucida
Lindera_polyantha
Lindera_metcalfiana
Lindera_communis
Sinosassafras_flavinervia
Cinnamomum_camphora
Cinnamomum_chavarrianum
Cinnamomum_quadrangulum
Cinnamomum_oleifolium
Aiouea_guianensis
Mocinnodaphne_cinnamomoidea
Cinnamomum_cinnamomifolium
Cinnamomum_sp__van_der_Werff_14396
Cinnamomum_verum
Cinnamomum_japonicum
Cinnamomum_pittosporoides
Aiouea_dubia
Ocotea_ikonyokpe
Ocotea_rhynchophylla
Ocotea_aciphylla
Ocotea_insularis
Ocotea_odorifera
Ocotea_veraguensis
Ocotea_quixos
Paraia_bracteata
Ocotea_floribunda
Endlicheria_verticillata
Urbanodendron_bahiense
Urbanodendron_verrucosum
Kubitzkia_mezii
Dicypellium_caryophyllaceum
Aniba_affinis
Ocotea_paulii
Aniba_cinnamomiflora
Aniba_excelsa
Aniba_panurensis
Licaria_guianensis
Licaria_martiniana
Licaria_cannella
Licaria_triandra
Umbellularia_californica
Ocotea_heydeana
Ocotea_helicterifolia
Ocotea_botrantha
Endlicheria_punctulata
Ocotea_pauciflora
Ocotea_schomburgkiana
Ocotea_ceanothifolia
Ocotea_tomentella
Ocotea_tristis
Ocotea_pulchella
Ocotea_spixiana
Ocotea_percoriacea
Ocotea_oblonga
Ocotea_guianensis
Ocotea_nigra
Ocotea_calophylla
Endlicheria_rubra
Endlicheria_anomala
Endlicheria_metallica
Rhodostemonodaphne_recurva
Rhodostemonodaphne_praeclara
Rhodostemonodaphne_peneia
Endlicheria_tessmannii
Endlicheria_chalisea
Endlicheria_multiflora
Endlicheria_sprucei
Endlicheria_reflectens
Rhodostemonodaphne_negrensis
Rhodostemonodaphne_crenaticupula
Endlicheria_gracilis
Endlicheria_bracteolata
Endlicheria_ruforamula
Endlicheria_longicaudata
Rhodostemonodaphne_parvifolia
Rhodostemonodaphne_kunthiana
Endlicheria_pyriformis
Endlicheria_citriodora
Endlicheria_dysodantha
Endlicheria_paniculata
Rhodostemonodaphne_scandens
Cinnamomum_bejolghota
Ocotea_cf__glaziovii_FS402
Pleurothyrium_insigne
Pleurothyrium_cinereum
Nectandra_amazonum
Nectandra_cuspidata
Nectandra_psammophila
Nectandra_cissiflora
Nectandra_lineata
Lauraceae_sp__2_SMsn3
Nectandra_turbacensis
Nectandra_sp__BCI036152
Ocotea_cernua
Ocotea_puberula
Endlicheria_sp__2_SMAma003
Endlicheria_sp__1_SMAma006
Cinnamomum_triplinerve
Nectandra_sp__1_AN411
Nectandra_sp__1_AN410
Lauraceae_sp__3_DRP38
Ocotea_sp__1_HD1167
Lauraceae_sp__1_A1535
Povedadaphne_quadriporata
Nectandra_sp__BCI105750
Ocotea_malcomberi
Ocotea_grayi
Ocotea_bullata
Ocotea_foetens
Pleurothyrium_costanense
Nectandra_riparia
Nectandra_salicifolia
Nectandra_purpurea
Nectandra_coriacea
Endlicheria_formosa
Rhodostemonodaphne_grandis
Litsea_glutinosa
Actinodaphne_lecomtei
Litsea_globosa
Litsea_tomentosa
Litsea_fenestrata
Litsea_maingayi
Litsea_ochracea
Litsea_erectinervia
Litsea_diversifolia
Litsea_accedens
Litsea_variabilis_var__oblonga
Litsea_variabilis
Litsea_globularia
Litsea_lancifolia_var__grandifolia
Litsea_ferruginea
Litsea_sarawacensis
Litsea_caulocarpa
Litsea_garrettii
Litsea_panamanja
Litsea_machilifolia
Litsea_costalis
Litsea_garciae
Litsea_dilleniifolia
Litsea_noronhae
Litsea_rubicunda
Litsea_calicaris
Adenodaphne_uniflora
Litsea_grandis
Litsea_resinosa
Litsea_mappacea
Litsea_firma
Litsea_monopetala
Litsea_japonica
Lindera_thomsonii
Sassafras_randaiense
Sassafras_tzumu
Sassafras_albidum
Lindera_benzoin
Lindera_fruticosa
Litsea_umbellata
Lindera_kariensis
Litsea_sericea
Litsea_rubescens
Lindera_umbellata
Lindera_reflexa
Laureae_gen__sp__Hyland_14912
Litsea_yaoshanensis
Litsea_acutivena
Litsea_elongata
Litsea_liyuyingi
Litsea_longistaminata
Dodecadenia_grandiflora
Iteadaphne_caudata
Iteadaphne_sp__van_der_Werff_14360
Lindera_pulcherrima
Lindera_villipes
Lindera_aggregata
Lindera_chunii
Actinodaphne_forrestii
Lindera_megaphylla
Litsea_kingii
Litsea_cubeba
Lindera_latifolia
Lindera_longipedunculata
Lindera_erythrocarpa
Lindera_glauca
Lindera_tienchuanensis
Actinodaphne_pruinosa
Actinodaphne_cupularis
Actinodaphne_kweichowensis
Actinodaphne_pilosa
Actinodaphne_trichocarpa
Actinodaphne_omeiensis
Neolitsea_chrysotricha
Neolitsea_pallens
Neolitsea_sutchuanensis_var__gongshanensis
Neolitsea_chuii
Neolitsea_sutchuanensis
Neolitsea_undulatifolia
Neolitsea_confertifolia
Neolitsea_pingbienensis
Neolitsea_sp__Li_2002070
Neolitsea_polycarpa
Neolitsea_homilantha
Neolitsea_pinninervis
Neolitsea_wushanica_var__pubens
Neolitsea_lunglingensis
Neolitsea_cambodiana_var__glabra
Neolitsea_aurata_var__chekiangensis
Neolitsea_aurata
Neolitsea_aciculata
Neolitsea_cassia
Neolitsea_javanica
Neolitsea_brassii
Neolitsea_phanerophlebia
Neolitsea_pulchella
Neolitsea_levinei
Neolitsea_ovatifolia
Neolitsea_ovatifolia_var__puberula
Neolitsea_dealbata
Neolitsea_sericea
Neolitsea_kwangsiensis
Actinodaphne_paotingensis
Actinodaphne_glomerata
Actinodaphne_sesquipedalis
Actinodaphne_maingayi
Actinodaphne_macrophylla_var__angustifolia
Actinodaphne_procera
Actinodaphne_myriantha
Actinodaphne_diversifolia
Actinodaphne_henryi
Actinodaphne_malaccensis
Actinodaphne_borneensis
Actinodaphne_obovata
Actinodaphne_tsaii
Lindera_obtusiloba
Parasassafras_confertiflora
Laurus_azorica
Laurus_nobilis
Litsea_coreana
Capsicodendron_dinisii
Warburgia_salutaris
Cinnamosma_madagascariensis
Pleodendron_macranthum
Cinnamodendron_ekmanii
Canella_winterana
Tasmannia_purpurascens
Tasmannia_glaucifolia
Tasmannia_xerophila
Tasmannia_stipitata
Tasmannia_insipida
Tasmannia_lanceolata
Drimys_granadensis
Drimys_winteri
Zygogynum_bicolor
Zygogynum_acsmithii
Zygogynum_balansae
Exospermum_stipitatum
Zygogynum_pancheri
Bubbia_comptonii
Pseudowintera_colorata
Zygogynum_pauciflorum
Pseudowintera_axillaris
Zygogynum_sp__Qiu_90024
Takhtajania_perrieri
Asarum_epigynum
Asarum_yunnanense
Asarum_cordifolium
Asarum_caudigerum
Asarum_cardiophyllum
Asarum_canadense
Asarum_caudatum
Asarum_takaoi
Asarum_caulescens
Asarum_chingchengense
Asarum_yakusimense
Asarum_muramatsui
Asarum_nipponicum
Asarum_tamaensis
Asarum_mikuniense
Asarum_heterotropoides_var__heterotropoides
Asarum_sieboldii_var__cornutum
Asarum_heterotropoides_var__mandshuricum
Asarum_sieboldii_f__sieboldii
Asarum_dimidiatum
Asarum_sieboldii_f__maculatum
Asarum_sieboldii
Asarum_maruyamae
Asarum_versicolor
Asarum_tohokuense
Asarum_heterotropoides_var__seoulense
Asarum_patens
Asarum_misandrum
Saruma_henryi
Aristolochia_triactina
Aristolochia_promissa
Aristolochia_goldieana
Aristolochia_praevenosa
Aristolochia_acutifolia
Aristolochia_ovalifolia
Aristolochia_maxima
Aristolochia_melastoma
Aristolochia_pentandra
Aristolochia_erecta
Aristolochia_micrantha
Aristolochia_nelsonii
Aristolochia_lindneri
Aristolochia_burelae
Aristolochia_passiflorifolia
Aristolochia_fimbriata
Aristolochia_trilobata
Aristolochia_macroura
Aristolochia_sp__JM06
Aristolochia_labiata
Aristolochia_galeata
Aristolochia_cymbifera
Aristolochia_maurorum
Aristolochia_ringens
Aristolochia_sp__JM05
Aristolochia_gibertii
Aristolochia_esperanzae
Aristolochia_aff__ringens_588
Aristolochia_aff__ringens_2308
Aristolochia_aff__ringens_2283
Aristolochia_triangularis
Aristolochia_chamissonis
Aristolochia_paulistana
Aristolochia_eriantha
Aristolochia_cynanchifolia
Aristolochia_gigantea
Aristolochia_anguicida
Aristolochia_odoratissima
Aristolochia_elegans
Aristolochia_littoralis
Aristolochia_cordiflora
Aristolochia_arcuata
Aristolochia_pilosa
Aristolochia_holostylis
Aristolochia_reniformis
Aristolochia_cruenta
Aristolochia_cf__cordiflora_Holst_8602
Aristolochia_peruviana
Aristolochia_argentina
Aristolochia_nummularifolia
Holostylis_reniformis
Aristolochia_chilensis
Aristolochia_taliscana
Aristolochia_tentaculata
Aristolochia_cauliflora
Aristolochia_leuconeura
Aristolochia_rojasiana
Aristolochia_pichinchensis
Aristolochia_gorgona
Aristolochia_grandiflora
Aristolochia_zollingeriana
Aristolochia_kankauensis
Aristolochia_petersiana
Aristolochia_jackii
Aristolochia_albida
Aristolochia_heppii
Aristolochia_hockii
Aristolochia_indica
Aristolochia_pierrei
Aristolochia_gaudichaudii
Aristolochia_bracteolata
Aristolochia_sp__JM03
Aristolochia_tagala
Aristolochia_acuminata
Aristolochia_debilis
Aristolochia_contorta
Aristolochia_clematitis
Aristolochia_goliathiana
Aristolochia_papillifolia
Aristolochia_sp__JM01
Aristolochia_sp__JM02
Aristolochia_foveolata
Aristolochia_sp__JM04
Aristolochia_kerrii
Aristolochia_sempervirens
Aristolochia_baetica
Aristolochia_elongata
Aristolochia_microstoma
Aristolochia_lutea
Aristolochia_pallida
Aristolochia_merxmuelleri
Aristolochia_rotunda
Aristolochia_bianorii
Aristolochia_fontanesii
Aristolochia_navicularis
Aristolochia_paucinervis
Aristolochia_parvifolia
Aristolochia_parviflora
Aristolochia_sicula
Aristolochia_tyrrhena
Aristolochia_clusii
Aristolochia_hirta
Aristolochia_incisa
Aristolochia_bottae
Aristolochia_iberica
Aristolochia_pontica
Aristolochia_pistolochia
Aristolochia_rigida
Aristolochia_macrophylla
Aristolochia_manshuriensis
Aristolochia_tomentosa
Aristolochia_liukiuensis
Aristolochia_shimadai
Aristolochia_onoei
Aristolochia_mollissima
Aristolochia_cucurbitifolia
Aristolochia_kaempferi_var__tanzawana
Aristolochia_kaempferi
Aristolochia_nakaoi
Aristolochia_neolongifolia
Aristolochia_moupinensis
Aristolochia_kwangsiensis
Aristolochia_austroyunnanensis
Aristolochia_aff__kwangsiensis_V041219_40
Aristolochia_westlandii
Aristolochia_saccata
Aristolochia_wardiana
Aristolochia_californica
Aristolochia_arborea
Aristolochia_salvadorensis
Aristolochia_tricaudata
Aristolochia_paracleta
Aristolochia_panamensis
Aristolochia_serpentaria
Aristolochia_convolvulacea
Aristolochia_reticulata
Thottea_dependens
Thottea_macrantha
Thottea_borneensis
Thottea_siliquosa
Thottea_corymbosa
Thottea_tomentosa
Lactoris_fernandeziana
Saururus_cernuus
Saururus_chinensis
Gymnotheca_involucrata
Gymnotheca_chinensis
Anemopsis_californica
Houttuynia_cordata
Verhuellia_sp__SW_2007
Verhuellia_elegans
Peperomia_andina_var__pseudoperuviana
Peperomia_dolabella
Peperomia_gracillima
Peperomia_cotyledon
Peperomia_fraseri
Peperomia_congesta
Peperomia_dolabriformis
Peperomia_graveolens
Peperomia_rhombea
Peperomia_cuspidilimba
Peperomia_dahlstedtii
Peperomia_pereskiifolia
Peperomia_puteolata
Peperomia_hoffmannii
Peperomia_tetraphylla
Peperomia_trifolia
Peperomia_ppucu_ppucu
Peperomia_emarginella
Peperomia_metallica
Peperomia_pellucida
Peperomia_reptilis
Peperomia_fernandopoiana
Peperomia_elongata
Peperomia_marmorata
Peperomia_verschaffeltii
Peperomia_sodiroi
Peperomia_caperata
Peperomia_vinasiana
Peperomia_longespicata
Peperomia_incana
Peperomia_macrostachya
Peperomia_fagerlindii
Peperomia_urocarpa
Peperomia_serpens
Peperomia_caliginigaudens
Peperomia_hernandiifolia
Peperomia_clusiifolia
Peperomia_magnoliifolia
Peperomia_lanceolatopeltata
Peperomia_pernambucensis
Peperomia_quadrifolia
Peperomia_rhomboidea
Peperomia_microphyllophora
Peperomia_inaequalifolia
Peperomia_galioides
Peperomia_obtusifolia
Peperomia_glabella
Peperomia_tuisana
Peperomia_lancifolia
Peperomia_hylophila
Peperomia_prostrata
Peperomia_blanda
Peperomia_leptostachya
Peperomia_retusa
Peperomia_kamerunana
Peperomia_hesperomannii
Peperomia_pitcairnensis
Peperomia_cavaleriei
Peperomia_sandwicensis
Peperomia_sp__298N
Peperomia_bicolor
Peperomia_rotundifolia_var__rotundifolia
Peperomia_maypurensis
Peperomia_argyreia
Peperomia_tristachya
Peperomia_sp__Qiu_91047
Peperomia_sp__MAJ_2004
Peperomia_tamayoi
Piper_sp__RA_06
Piper_aequale
Piper_urophyllum
Piper_yucatanense
Piper_guazacapanense
Piper_humistratum
Piper_brevipedicellatum
Piper_michelianum
Piper_cihuatlanense
Piper_amalago
Piper_reticulatum
Piper_blattarum
Piper_arboreum
Piper_swartzianum
Piper_tuberculatum
Piper_spoliatum
Piper_basilobatum
Piper_obovatum
Piper_sp__2_MAJ_689
Piper_cajambrense
Piper_sabaletasanum
Piper_tomas_albertoi
Piper_hartwegianum
Piper_cordulatum
Piper_imperiale
Piper_pulchrum
Piper_subglabribracteatum
Piper_archeri
Piper_longispicum
Piper_cf__longum_Neinhuis_s_n_
Piper_obliquum
Piper_umbellatum
Piper_peltatum
Piper_auritum
Piper_marginatum
Piper_multiplinervium
Piper_avellanum
Piper_nudifolium
Piper_dilatatum
Piper_glabrescens
Piper_hispidum
Piper_leucophyllum
Piper_glabratum
Piper_aduncum
Piper_ossanum
Piper_sp__Davidson_11000
Piper_amoenum
Piper_friedrichsthalii
Piper_cocornanum
Piper_colligatispicum
Piper_albozonatum
Piper_yanaconasense
Piper_filistilum
Piper_sp__1_MAJ_674
Piper_oxystachyum
Piper_brachypodon
Piper_pilibracteum
Piper_flagellicuspe
Piper_appendiculatum
Piper_cavendishioides
Piper_schuppii
Piper_ottoniifolium
Piper_jacquemontianum
Piper_marequitense
Piper_sp__142N
Piper_sp__Borsch_3475
Piper_pseudofuligineum
Piper_colonense
Piper_hostmannianum
Piper_concepcionis
Piper_trianae
Piper_perpusillum
Piper_pedunculatum
Piper_cararense
Piper_umbricola
Trianaeopiper_bullatum
Piper_gesnerioides
Piper_phytolaccifolium
Piper_tricuspe
Piper_longifolium
Piper_garagaranum
Piper_subpedale
Piper_confertinodum
Piper_chuarense
Piper_villosum
Piper_unispicatum
Piper_terryae
Piper_arieianum
Piper_magnificum
Piper_munchanum
Piper_divaricatum
Piper_augustum
Piper_ubatubense
Piper_darienense
Piper_bartlingianum
Piper_cinereum
Piper_guahamense
Piper_puberulum
Piper_wichmannii
Piper_methysticum
Macropiper_excelsum
Macropiper_excelsum_subsp__peltatum
Piper_excelsum
Macropiper_puberulum
Macropiper_hooglandii
Macropiper_latifolium
Piper_vitiense
Macropiper_melanostachyum
Macropiper_puberulum_f__glabrum
Macropiper_melchior
Macropiper_timothianum
Piper_capense_var__brachyrachis
Piper_capense
Piper_stipulare
Piper_retrofractum
Piper_sp__RA_33
Piper_sp__RA_01
Piper_arborescens
Piper_brevicuspe
Piper_toppingii
Piper_graeffei
Piper_macropiper
Piper_myrmecophilum
Piper_decumanum
Piper_penninerve
Piper_celtidiforme
Piper_korthalsii
Piper_urdanetanum
Piper_betle
Piper_cordatilimbum
Piper_mollissimum
Piper_tricolor
Piper_atrospicum
Piper_sorsogonum
Piper_austrosinense
Piper_wallichii
Piper_hernandii
Piper_hymenophyllum
Piper_crocatum
Piper_ornatum
Piper_submultinerve
Piper_chaudocanum
Piper_pingbienense
Piper_magnibaccum
Piper_montium
Piper_densum
Piper_argyrophyllum
Piper_recurvum
Piper_hainanense
Piper_pierrei
Piper_bavinum
Piper_chinense
Piper_arboricola
Piper_hancei
Piper_semi_immersum
Piper_kadsura
Piper_yinkiangense
Piper_ribesioides
Piper_cubeba
Piper_dominantinervium
Piper_sp__RA_19
Piper_phuwuaense
Piper_laetispicum
Piper_medinillifolium
Piper_rothianum
Piper_caninum
Piper_austrocaledonicum
Piper_borbonense
Piper_guineense
Piper_subpenninerve
Piper_porphyrophyllum
Piper_sp__RA_34
Piper_mutabile
Piper_nigrum
Piper_pendulispicum
Piper_sp__Harder_5565
Piper_flaviflorum
Piper_sp__AC013
Piper_sanctum
Manekia_sydowii
Manekia_naranjoana
Piper_lolot
Piper_khasianum
Piper_sarmentosum
